split,model,name,disagreement,abs_err_cd_mean,pred_fg_dev,pred_cc_dev
standard,unet,00000007,0.006828523252712437,0.0109375,9.536999999998352e-05,0.0
standard,deeplabv3plus,00000007,0.008856276905400584,0.050390625,0.000598910000000008,0.0
standard,hrnet,00000007,0.006814783130135615,0.001171875,9.536999999998352e-05,0.0
standard,segformer,00000007,0.006994695228821679,0.061328125,0.0005874699999999788,0.0
standard,unet,00000028,0.009574850701920101,0.38216609,0.0020675700000000186,1.0
standard,deeplabv3plus,00000028,0.009713871652520911,0.056396484,0.0017929099999999254,0.0
standard,hrnet,00000028,0.0074948115886165345,0.0063476562,0.0008277899999999949,0.0
standard,segformer,00000028,0.008007863009270033,0.058349609,0.0008277899999999949,0.0
standard,unet,00000030,0.006473291464386022,0.035400391,9.917999999997651e-05,0.0
standard,deeplabv3plus,00000030,0.008471065864137706,0.010742188,0.0007209799999999822,0.0
standard,hrnet,00000030,0.006465127644699975,0.029052734,9.917999999997651e-05,0.0
standard,segformer,00000030,0.00687723505945026,0.043457031,0.00022505999999999915,0.0
standard,unet,00000033,0.006389545707330857,0.109375,0.00012588000000002264,0.0
standard,deeplabv3plus,00000033,0.008804683113795675,0.14306641,0.0003891000000000311,0.0
standard,hrnet,00000033,0.006581596928605382,0.093261719,0.00012588000000002264,0.0
standard,segformer,00000033,0.00674448687390139,0.051757812,0.0004234300000000024,0.0
standard,unet,00000036,0.005984557420825376,0.026611328,0.0002097999999999267,0.0
standard,deeplabv3plus,00000036,0.007852483550034095,0.046630859,0.0011444099999999846,0.0
standard,hrnet,00000036,0.0061327550529149955,0.013183594,0.0002097999999999267,0.0
standard,segformer,00000036,0.006364119081599395,0.049072266,0.000560759999999938,0.0
standard,unet,00000049,0.005849592328830977,0.036865234,0.00014114000000009508,0.0
standard,deeplabv3plus,00000049,0.007845618188305425,0.026855469,0.000995630000000025,0.0
standard,hrnet,00000049,0.005951406415575122,0.027832031,0.00014114000000009508,0.0
standard,segformer,00000049,0.0064011970533343066,0.073486328,0.000713350000000057,0.0
standard,unet,00000051,0.5262149557728224,119.72289,0.25995636,2.0
standard,deeplabv3plus,00000051,0.28954754109720005,7.5088368,0.002479549999999997,3.0
standard,hrnet,00000051,0.2878232792378559,10.17232,0.002479549999999997,1.0
standard,segformer,00000051,0.35926355498741924,0.2405609,0.06200790000000003,1.0
standard,unet,00000080,0.00702295703484912,0.043025335,3.8099999999929857e-06,0.0
standard,deeplabv3plus,00000080,0.009986131299524081,0.013701577,0.00017928999999999862,0.0
standard,hrnet,00000080,0.006830025656580863,0.042426891,3.8099999999929857e-06,0.0
standard,segformer,00000080,0.007481122380030514,0.046017555,3.0510000000039117e-05,0.0
standard,unet,00000090,0.008479160474040959,0.10639992,0.000308990000000009,0.0
standard,deeplabv3plus,00000090,0.010442922312386194,0.081579472,1.5260000000016927e-05,0.0
standard,hrnet,00000090,0.008397139426530642,0.096349848,1.5260000000016927e-05,0.0
standard,segformer,00000090,0.009122690443755688,0.052517237,3.4339999999966064e-05,0.0
standard,unet,00000091,0.0064453595554315735,0.0053710938,0.0002250700000000494,0.0
standard,deeplabv3plus,00000091,0.008088347185254752,0.078613281,0.0011444099999999846,0.0
standard,hrnet,00000091,0.006496673621248061,0.019775391,0.0002250700000000494,0.0
standard,segformer,00000091,0.006774210141273329,0.00024414062,0.00030517000000007677,0.0
standard,unet,00000099,0.006697591319230756,0.034428916,8.774000000000282e-05,0.0
standard,deeplabv3plus,00000099,0.008841695051526544,0.076457868,0.000503539999999969,0.0
standard,hrnet,00000099,0.006657174373294161,0.019954404,8.774000000000282e-05,0.0
standard,segformer,00000099,0.006963561393218742,0.0045893347,0.0002365100000000231,0.0
standard,unet,00000104,0.005821309843522471,0.022135417,1.5260000000016927e-05,0.0
standard,deeplabv3plus,00000104,0.0075936226210210345,0.062825521,0.0010108999999999813,0.0
standard,hrnet,00000104,0.005810792579369672,0.0234375,1.5260000000016927e-05,0.0
standard,segformer,00000104,0.006041205320337695,0.042643229,0.00024032000000001608,0.0
standard,unet,00000105,0.005832161184545881,0.0033482143,0.00017548000000000563,0.0
standard,deeplabv3plus,00000105,0.0075506811480116065,0.075055804,0.000980380000000003,0.0
standard,hrnet,00000105,0.005663457739637168,0.016183036,0.00017548000000000563,0.0
standard,segformer,00000105,0.006167179969739478,0.015904018,0.00043869000000007485,0.0
standard,unet,00000109,0.005487435484015535,0.012369792,6.865999999999817e-05,0.0
standard,deeplabv3plus,00000109,0.007366922553492472,0.061523438,0.0005760199999999549,0.0
standard,hrnet,00000109,0.00552743527826538,0.018229167,6.865999999999817e-05,0.0
standard,segformer,00000109,0.005863106543261498,0.009765625,0.0003280600000000189,0.0
standard,unet,00000113,0.005850123792694895,0.072265625,0.0003280600000000744,0.0
standard,deeplabv3plus,00000113,0.007326641719135885,0.034598214,0.00038146999999999487,0.0
standard,hrnet,00000113,0.0058469146035023956,0.048270089,0.00019455000000001554,0.0
standard,segformer,00000113,0.006133162124429159,0.0625,0.00019455000000001554,0.0
standard,unet,00000114,0.005452850895819261,0.0029296875,5.341000000003149e-05,0.0
standard,deeplabv3plus,00000114,0.007180377254326076,0.051269531,0.0004768400000000339,0.0
standard,hrnet,00000114,0.005428827241112599,0.009765625,5.341000000003149e-05,0.0
standard,segformer,00000114,0.005626358271707876,0.043945312,0.0003204400000000329,0.0
standard,unet,00000124,0.01226368363579411,0.10481117,0.0024757399999999485,0.0
standard,deeplabv3plus,00000124,0.015797232987364018,0.050230382,0.0032730100000000206,0.0
standard,hrnet,00000124,0.012062804683771078,0.019508058,0.0024757399999999485,0.0
standard,segformer,00000124,0.013338468567121287,0.094784325,0.0032463099999999745,1.0
standard,unet,00000137,0.010673499544679443,0.91133923,0.002433779999999941,3.0
standard,deeplabv3plus,00000137,0.0102491901786389,0.096679688,0.0021896399999999927,1.0
standard,hrnet,00000137,0.008022221975304666,0.017089844,0.0005569500000000005,1.0
standard,segformer,00000137,0.008604099108494245,0.13398741,0.0005569500000000005,1.0
standard,unet,00000152,0.006211285000262912,0.019773004,0.00021744000000001318,0.0
standard,deeplabv3plus,00000152,0.008237455221059009,0.090435316,0.0010261500000000034,0.0
standard,hrnet,00000152,0.006159738271934501,0.025137952,0.00021744000000001318,0.0
standard,segformer,00000152,0.006797686953074145,0.0032238165,0.0004234300000000024,0.0
standard,unet,00000173,0.0058630940644048835,0.053827098,1.1440000000029205e-05,0.0
standard,deeplabv3plus,00000173,0.00815987153454667,0.013397449,0.000915520000000003,0.0
standard,hrnet,00000173,0.005926317562046091,0.0625,1.1440000000029205e-05,0.0
standard,segformer,00000173,0.0062113263327066015,0.068304598,0.00034714000000002354,0.0
standard,unet,00000177,0.005638930409179399,0.055664062,0.00038146999999999487,0.0
standard,deeplabv3plus,00000177,0.007138918543183714,0.0024414062,0.0008315999999999324,0.0
standard,hrnet,00000177,0.005579653667647122,0.03125,0.00038146999999999487,0.0
standard,segformer,00000177,0.006230453964748306,0.060791016,0.0004615800000000725,0.0
standard,unet,00000180,0.005845007710194139,0.01171875,5.721999999996896e-05,0.0
standard,deeplabv3plus,00000180,0.007532933253986074,0.029785156,0.00038146999999999487,0.0
standard,hrnet,00000180,0.005728146457908978,0.019042969,5.721999999996896e-05,0.0
standard,segformer,00000180,0.0061323920784760455,0.042480469,0.0002403299999999553,0.0
standard,unet,00000419,0.006316049062652707,0.069824219,0.00011824999999998642,0.0
standard,deeplabv3plus,00000419,0.008168547459555975,0.031005859,0.000606529999999994,0.0
standard,hrnet,00000419,0.006268058910554486,0.062255859,0.00011824999999998642,0.0
standard,segformer,00000419,0.006967770437684151,0.076416016,0.00022125000000006168,0.0
standard,unet,00000426,0.007093601815384432,0.018229167,4.196000000000755e-05,0.0
standard,deeplabv3plus,00000426,0.009415376776299667,0.080078125,0.0011939999999999729,0.0
standard,hrnet,00000426,0.007121588333968698,0.021809896,4.196000000000755e-05,0.0
standard,segformer,00000426,0.007083950497936864,0.023763021,6.485000000000518e-05,0.0
standard,unet,00000443,0.005943505412150718,0.059765625,0.00017928999999999862,0.0
standard,deeplabv3plus,00000443,0.007783658977272623,0.005859375,0.0006408700000000156,0.0
standard,hrnet,00000443,0.005738578310603537,0.04140625,0.00017928999999999862,0.0
standard,segformer,00000443,0.006100764704007999,0.103125,0.000602720000000001,0.0
standard,unet,00000447,0.006246081055624519,0.03125,0.0003929200000000188,0.0
standard,deeplabv3plus,00000447,0.008323447726839128,0.058349609,0.0014000000000000679,0.0
standard,hrnet,00000447,0.006204293132845984,0.0061035156,0.0003929200000000188,0.0
standard,segformer,00000447,0.006622122930652563,0.047607422,0.0006484999999999408,0.0
standard,unet,00000449,0.005934874265400958,0.04765625,7.629000000003439e-05,0.0
standard,deeplabv3plus,00000449,0.007443271131645446,0.00234375,0.0004768399999999784,0.0
standard,hrnet,00000449,0.005629068409051197,0.046484375,6.485000000000518e-05,0.0
standard,segformer,00000449,0.00616514837451787,0.03984375,6.485000000000518e-05,0.0
standard,unet,00000452,0.006874390378610151,0.11024063,0.0009307900000000147,0.0
standard,deeplabv3plus,00000452,0.008694794702800213,0.086910191,0.0006484999999999963,0.0
standard,hrnet,00000452,0.006520895418437145,0.028539452,1.5260000000016927e-05,0.0
standard,segformer,00000452,0.006557313529620745,0.039527619,1.5260000000016927e-05,0.0
standard,unet,00000457,0.00586455601489122,0.0625,0.0002822800000000236,0.0
standard,deeplabv3plus,00000457,0.007530486845997442,0.00625,0.0006523099999999893,0.0
standard,hrnet,00000457,0.005878729041821518,0.03359375,0.0002632100000000137,0.0
standard,segformer,00000457,0.006016580632040136,0.060546875,0.0002632100000000137,0.0
standard,unet,00000463,0.005196499065851512,0.048317381,0.00024796000000004703,0.0
standard,deeplabv3plus,00000463,0.008162631983454127,0.16244495,0.0017890900000000487,0.0
standard,hrnet,00000463,0.0051527890731423165,0.010323466,0.00024796000000004703,0.0
standard,segformer,00000463,0.00568733258379428,0.072797147,0.00035857999999999723,0.0
standard,unet,00000477,0.006725956004649536,0.034288194,0.000503539999999969,0.0
standard,deeplabv3plus,00000477,0.008748259633483357,0.054470486,0.0015602099999999508,0.0
standard,hrnet,00000477,0.0067364961253980615,0.0056423611,0.000503539999999969,0.0
standard,segformer,00000477,0.007158665806616171,0.040581597,0.0006141699999999695,0.0
standard,unet,00000497,0.008682179005148227,0.034054054,0.0002441400000000038,0.0
standard,deeplabv3plus,00000497,0.011579089242408913,0.01541082,0.00035477000000000425,0.0
standard,hrnet,00000497,0.008772001516550776,0.026043588,1.1439999999973693e-05,0.0
standard,segformer,00000497,0.009209540235309621,0.019553594,1.1439999999973693e-05,0.0
standard,unet,00000508,0.005848338314586865,0.063964844,0.00017548000000000563,0.0
standard,deeplabv3plus,00000508,0.007748190689418677,0.0026855469,0.0010414200000000706,0.0
standard,hrnet,00000508,0.005813868218474405,0.052734375,0.00017548000000000563,0.0
standard,segformer,00000508,0.0063638809403849805,0.098144531,0.0007095299999999582,0.0
standard,unet,00000511,0.007081795476645003,4.5550199,0.00017929999999999335,0.0
standard,deeplabv3plus,00000511,0.00902200576696044,4.6005484,0.00041962000000000943,0.0
standard,hrnet,00000511,0.006931050079054479,4.5605877,0.00017929999999999335,0.0
standard,segformer,00000511,0.007373371747014246,4.5497354,0.00023652000000001783,0.0
standard,unet,00000523,0.00814018523005744,0.068304197,0.00038527999999998785,0.0
standard,deeplabv3plus,00000523,0.010311137874151943,0.10164533,0.000755310000000009,0.0
standard,hrnet,00000523,0.00790461857870195,0.10532718,0.0002822799999999681,0.0
standard,segformer,00000523,0.008382262633829796,0.070953886,0.0002822799999999681,0.0
standard,unet,00000528,0.005919348217162224,0.061848958,8.39200000000151e-05,0.0
standard,deeplabv3plus,00000528,0.007874416967518783,0.020833333,0.0004806500000000269,0.0
standard,hrnet,00000528,0.006010402747363308,0.0546875,8.39200000000151e-05,0.0
standard,segformer,00000528,0.006218008466358449,0.097981771,0.0005073600000000122,0.0
standard,unet,00000573,0.007704801541135287,0.13948057,5.340000000003675e-05,0.0
standard,deeplabv3plus,00000573,0.010550069240520266,0.066542252,0.0011062600000000256,0.0
standard,hrnet,00000573,0.007541124931085275,0.1475966,5.340000000003675e-05,0.0
standard,segformer,00000573,0.008054533309898582,0.18737161,0.00037765000000000715,0.0
standard,unet,00000577,0.0060296236945921455,0.0546875,0.00010300000000001974,0.0
standard,deeplabv3plus,00000577,0.00860993995686965,0.078125,0.0010414200000000151,0.0
standard,hrnet,00000577,0.0057894037224052175,0.041992188,0.00010300000000001974,0.0
standard,segformer,00000577,0.0065377181537852325,0.087890625,0.00035857999999999723,0.0
standard,unet,00000581,0.006792528251128083,0.030273438,5.340999999997598e-05,0.0
standard,deeplabv3plus,00000581,0.008899520814283357,0.062988281,0.0007820099999999996,0.0
standard,hrnet,00000581,0.006907229554863448,0.0390625,6.86699999999929e-05,0.0
standard,segformer,00000581,0.007047797179826731,0.037109375,5.340999999997598e-05,0.0
standard,unet,00000592,0.008899924956918603,0.14131905,0.0004692099999999977,0.0
standard,deeplabv3plus,00000592,0.011962165370027034,0.035039575,0.0010642999999999625,0.0
standard,hrnet,00000592,0.008623129056172463,0.12441732,0.00028228999999996285,0.0
standard,segformer,00000592,0.009213025770354766,0.13550088,0.00028228999999996285,0.0
standard,unet,00000596,0.005400432169850533,0.044921875,0.00013351000000000335,0.0
standard,deeplabv3plus,00000596,0.007315582194396764,0.10078125,0.0005455000000000321,0.0
standard,hrnet,00000596,0.005332734380694926,0.05859375,0.00013351000000000335,0.0
standard,segformer,00000596,0.005725466479546415,0.031640625,0.0002632099999999582,0.0
standard,unet,00000599,0.00586042217767091,0.012369792,0.0002822800000000236,0.0
standard,deeplabv3plus,00000599,0.007828697538856288,0.072265625,0.000701900000000033,0.0
standard,hrnet,00000599,0.005968757738240793,0.036458333,0.0002822800000000236,0.0
standard,segformer,00000599,0.006358443743468611,0.020182292,0.0006637500000000185,0.0
standard,unet,00000602,0.00656633324429079,0.030132426,5.7220000000024474e-05,0.0
standard,deeplabv3plus,00000602,0.008953005173240491,0.047351018,0.0006790199999999746,0.0
standard,hrnet,00000602,0.006434407567369349,0.00054171181,5.7220000000024474e-05,0.0
standard,segformer,00000602,0.007172831144439229,0.026614856,0.0003318800000000066,0.0
standard,unet,00000609,0.006402549647823719,0.00390625,6.86699999999929e-05,0.0
standard,deeplabv3plus,00000609,0.008177550441391013,0.063671875,0.0006599499999999647,0.0
standard,hrnet,00000609,0.006359540647741357,0.003125,6.86699999999929e-05,0.0
standard,segformer,00000609,0.006758229323211018,0.009375,0.00012207000000002965,0.0
standard,unet,00000617,0.0069077120857304886,0.055737705,0.000495919999999983,0.0
standard,deeplabv3plus,00000617,0.00892192057237684,0.02149228,0.0008506799999999926,0.0
standard,hrnet,00000617,0.0068962680303029655,0.016638101,0.000495919999999983,0.0
standard,segformer,00000617,0.007588472681070324,0.10929903,0.000862129999999961,0.0
standard,unet,00000619,0.005749730575055012,0.047363281,0.00025177000000009553,0.0
standard,deeplabv3plus,00000619,0.00728003079378059,0.025878906,0.0003356899999999996,0.0
standard,hrnet,00000619,0.005697793487332903,0.03125,0.00025177000000009553,0.0
standard,segformer,00000619,0.005995352625633221,0.064941406,0.0005111700000000052,0.0
standard,unet,00000659,0.005668679962827716,0.020182292,3.815000000001456e-05,0.0
standard,deeplabv3plus,00000659,0.007748943978290068,0.020833333,0.0005187999999999859,0.0
standard,hrnet,00000659,0.005761397946060232,0.0234375,3.815000000001456e-05,0.0
standard,segformer,00000659,0.005947342809781042,0.054361979,0.0004005499999999995,0.0
standard,unet,00000662,0.006739743477059412,0.040527344,0.00045013000000004855,0.0
standard,deeplabv3plus,00000662,0.008757924384770632,0.039550781,0.001064300000000018,0.0
standard,hrnet,00000662,0.006874041135768061,0.01171875,0.0002632100000000692,0.0
standard,segformer,00000662,0.007139936197747443,0.028564453,0.0002632100000000692,0.0
standard,unet,00000691,0.007258821235784474,0.050537109,0.00028609999999995583,0.0
standard,deeplabv3plus,00000691,0.009098171092254415,0.034423828,1.525000000002219e-05,0.0
standard,hrnet,00000691,0.007087089876889774,0.0043945312,0.00046920000000005846,0.0
standard,segformer,00000691,0.007483697515018206,0.034423828,1.525000000002219e-05,0.0
standard,unet,00000696,0.006013202859520561,0.042317708,0.0003891000000000311,0.0
standard,deeplabv3plus,00000696,0.00797661082841572,0.065755208,0.0010833800000000227,0.0
standard,hrnet,00000696,0.006046646706402314,0.0091145833,0.00020600000000003948,0.0
standard,segformer,00000696,0.007017280343198706,0.026692708,0.00020600000000003948,0.0
standard,unet,00000702,0.006702299175557536,0.075262211,0.0002479599999999915,0.0
standard,deeplabv3plus,00000702,0.008793258828692418,0.040195442,0.0011482299999999723,0.0
standard,hrnet,00000702,0.0064244293875979075,0.049436157,0.0002479599999999915,0.0
standard,segformer,00000702,0.007007157068980363,0.076428261,0.0005645799999999812,0.0
standard,unet,00000750,0.05092995672405154,3.6097984,0.01581191999999998,1.0
standard,deeplabv3plus,00000750,0.024450650528429207,0.045557169,0.0015144400000000058,0.0
standard,hrnet,00000750,0.02175267659575375,0.07768118,0.00019837000000000327,0.0
standard,segformer,00000750,0.02201403407633684,0.12124309,0.00019837000000000327,0.0
standard,unet,00000788,0.007425185346982666,0.014834898,3.433000000002684e-05,0.0
standard,deeplabv3plus,00000788,0.010223159089475353,0.012933615,0.000617980000000018,0.0
standard,hrnet,00000788,0.007702320395702067,0.037864102,4.9590000000043766e-05,0.0
standard,segformer,00000788,0.007943314711207905,0.035712408,3.433000000002684e-05,0.0
standard,unet,00000791,0.007852182394335383,0.018681651,0.00019835999999995302,0.0
standard,deeplabv3plus,00000791,0.010637441364783728,0.10687205,0.002243039999999974,0.0
standard,hrnet,00000791,0.007857205257822186,0.025038678,0.00019835999999995302,0.0
standard,segformer,00000791,0.008487990589403416,0.04376527,0.0004005400000000048,0.0
standard,unet,00000794,0.006161339978086322,0.015646869,4.196000000000755e-05,0.0
standard,deeplabv3plus,00000794,0.008517445819381186,0.056940226,0.0004997200000000368,0.0
standard,hrnet,00000794,0.006139153555562493,0.0023699663,4.196000000000755e-05,0.0
standard,segformer,00000794,0.006767212753866048,0.050836036,0.00044632000000000005,0.0
standard,unet,00000799,0.00818831698982947,0.12229547,0.0002365100000000231,0.0
standard,deeplabv3plus,00000799,0.010324678325167702,0.036090992,0.0009803700000000082,0.0
standard,hrnet,00000799,0.007989841626401595,0.081808128,0.0002365100000000231,0.0
standard,segformer,00000799,0.008442147692201307,0.15482513,0.0005836500000000466,0.0
standard,unet,00000808,0.008270519195217929,0.047474275,0.00037002000000008195,0.0
standard,deeplabv3plus,00000808,0.01150057821704964,0.030932983,0.00011062000000006122,0.0
standard,hrnet,00000808,0.008247357924042853,0.034341355,0.00046157999999996147,0.0
standard,segformer,00000808,0.00882687067976562,0.046760209,0.00011062000000006122,0.0
standard,unet,00000814,0.0060984980961024116,0.0054253472,0.0004692099999999977,0.0
standard,deeplabv3plus,00000814,0.007805765939341014,0.061631944,0.000904090000000024,0.0
standard,hrnet,00000814,0.005941343785453745,0.021267361,0.00019455000000001554,0.0
standard,segformer,00000814,0.006574864506474043,0.010199653,0.00019455000000001554,0.0
standard,unet,00000816,0.005752156346836235,0.051025391,0.0003166199999999897,0.0
standard,deeplabv3plus,00000816,0.0075601616280671635,0.049560547,0.0014572200000000368,0.0
standard,hrnet,00000816,0.005586692894158585,0.030761719,0.00020218000000005176,0.0
standard,segformer,00000816,0.006049412786603425,0.044677734,0.00020218000000005176,0.0
standard,unet,00000817,0.0062592267618942765,0.051171875,0.00043488000000002636,0.0
standard,deeplabv3plus,00000817,0.007560205492335492,0.041796875,0.0011520400000000208,0.0
standard,hrnet,00000817,0.005852229075938964,0.03203125,0.00043488000000002636,0.0
standard,segformer,00000817,0.006279356701436978,0.080859375,0.0004768400000000339,0.0
extreme,unet,0,0.01707591127442376,0.07365167,0.0012359599999999804,0.0
extreme,deeplabv3plus,0,0.015104408302599182,0.19070484,0.0008354199999999756,0.0
extreme,hrnet,0,0.013580128072568698,0.045208794,0.0008354199999999756,0.0
extreme,segformer,0,0.013993618991306245,0.12478647,0.0010566699999999818,0.0
extreme,unet,1,0.04472904332547689,0.16137096,0.006294250000000001,0.0
extreme,deeplabv3plus,1,0.030786599711930318,0.75839699,0.0015563900000000186,0.0
extreme,hrnet,1,0.02870701712768131,0.30762406,0.0015563900000000186,0.0
extreme,segformer,1,0.04496652041190963,4.2819641,0.008377070000000014,0.0
extreme,unet,10,0.24724875823451564,0.01171875,0.00010680999999999885,0.0
extreme,deeplabv3plus,10,0.24871034862024033,0.34960938,0.000568390000000002,0.0
extreme,hrnet,10,0.2470950248194358,0.06640625,0.00010680999999999885,0.0
extreme,segformer,10,0.7306371462923942,39.659691,0.31077575,2.0
extreme,unet,11,0.007768106910771899,0.15014648,0.001148219999999922,0.0
extreme,deeplabv3plus,11,0.011139477772650341,0.24926758,0.005664829999999954,0.0
extreme,hrnet,11,0.007460530042752933,0.076660156,0.0005721999999999117,0.0
extreme,segformer,11,0.007661380688835373,0.11328125,0.0005721999999999117,0.0
extreme,unet,12,0.010161516464229359,0.63978795,0.002906799999999987,0.0
extreme,deeplabv3plus,12,0.012369152276159867,0.59430804,0.0022849999999999815,0.0
extreme,hrnet,12,0.01041558836504064,0.40736607,0.002555839999999976,0.0
extreme,segformer,12,0.010064613191375749,0.42578125,0.0022849999999999815,0.0
extreme,unet,13,0.009015727259626849,1.0710938,0.001529690000000028,0.0
extreme,deeplabv3plus,13,0.013804560788704734,1.2632813,0.0034065200000000795,0.0
extreme,hrnet,13,0.009194647659955368,0.91445313,0.001529690000000028,0.0
extreme,segformer,13,0.008955319423384567,0.8640625,0.0020370499999999847,0.0
extreme,unet,14,0.23619089773110769,0.078125,0.0002441400000000038,0.0
extreme,deeplabv3plus,14,0.2367617340890008,0.021484375,0.00012969999999999648,0.0
extreme,hrnet,14,0.23589297060248915,0.046875,0.00012969999999999648,0.0
extreme,segformer,14,0.6939854159219776,30.199355,0.24165725999999998,3.0
extreme,unet,15,0.010808601185900435,1.2257813,0.0025901799999999975,0.0
extreme,deeplabv3plus,15,0.018778999006872632,0.98320313,0.003971100000000005,0.0
extreme,hrnet,15,0.010762942842012513,1.0410156,0.0007858299999999874,0.0
extreme,segformer,15,0.010716800538072668,0.96289062,0.0007858299999999874,0.0
extreme,unet,16,0.23237011332940882,0.15234375,0.0006446899999999894,1.0
extreme,deeplabv3plus,16,0.23482031891718202,1.2068259,0.0003089899999999951,1.0
extreme,hrnet,16,0.23247521833706475,0.01953125,0.0003089899999999951,1.0
extreme,segformer,16,0.6816919489957702,30.24771,0.23682022,2.0
extreme,unet,17,0.020490441496080147,0.0012900905,0.0059814400000000045,1.0
extreme,deeplabv3plus,17,0.02547878291826422,0.51033925,0.0059814400000000045,2.0
extreme,hrnet,17,0.022572210993546005,0.63051469,0.008857719999999958,0.0
extreme,segformer,17,0.02293248424275618,0.12396216,0.0063438400000001005,0.0
extreme,unet,18,0.014905839610548255,0.12158203,0.0061340300000000125,0.0
extreme,deeplabv3plus,18,0.018719104397789565,0.5024931,0.008769990000000005,0.0
extreme,hrnet,18,0.01677193185395842,0.13259218,0.0061340300000000125,3.0
extreme,segformer,18,0.01659125951060625,0.1188151,0.006469729999999951,0.0
extreme,unet,19,0.011459701005169909,0.02750651,0.0021896399999999927,0.0
extreme,deeplabv3plus,19,0.01519270448847998,0.45784505,0.008914949999999977,0.0
extreme,hrnet,19,0.010818459774630695,0.13330078,0.0013084500000000165,0.0
extreme,segformer,19,0.01119765698978814,0.077473958,0.0013084500000000165,0.0
extreme,unet,2,0.028514592473010247,0.58375642,0.001365670000000041,1.0
extreme,deeplabv3plus,2,0.02931314948408159,0.33955879,0.0021400500000000044,2.0
extreme,hrnet,2,0.026242509546911985,2.3870165,0.001365670000000041,1.0
extreme,segformer,2,0.04461138473405546,7.1551282,0.009811400000000026,1.0
extreme,unet,20,0.013564736189866533,0.029947917,0.007350929999999978,0.0
extreme,deeplabv3plus,20,0.017554240867825865,0.45947266,0.006916040000000012,0.0
extreme,hrnet,20,0.012821991060753213,0.16438802,0.004188540000000018,0.0
extreme,segformer,20,0.018842261756591205,0.34261068,0.004188540000000018,0.0
extreme,unet,22,0.007646831053302328,3.4151088,0.0010108899999999865,0.0
extreme,deeplabv3plus,22,0.009233614841337001,3.5554897,0.002193450000000041,0.0
extreme,hrnet,22,0.007801576383708486,3.4798061,0.0010108899999999865,0.0
extreme,segformer,22,0.008043229737404567,3.3701869,0.0017127999999999588,0.0
extreme,unet,23,0.006988717987196025,0.33175223,0.0012397699999999734,0.0
extreme,deeplabv3plus,23,0.009644896454943486,0.0053013393,0.003555299999999928,0.0
extreme,hrnet,23,0.0068527230954439355,0.2547433,0.00018691999999997932,0.0
extreme,segformer,23,0.007087181938777776,0.24107143,0.00018691999999997932,0.0
extreme,unet,24,0.0068241997312284974,0.18632812,0.0015602099999999508,0.0
extreme,deeplabv3plus,24,0.008454726276699076,0.14492188,0.0021400400000000097,0.0
extreme,hrnet,24,0.006560362465465874,0.06953125,0.00028991999999994356,0.0
extreme,segformer,24,0.006292197806785693,0.07421875,0.00028991999999994356,0.0
extreme,unet,25,0.00829433548866898,0.061924713,0.0004844600000000199,0.0
extreme,deeplabv3plus,25,0.010453461445262935,0.25538744,0.0020675599999999683,0.0
extreme,hrnet,25,0.0078245816086836,0.042161262,0.00011062000000000571,0.0
extreme,segformer,25,0.00775107131751529,0.0068775791,0.00011062000000000571,0.0
extreme,unet,26,0.00811885098927334,0.21766519,0.0019760200000000783,0.0
extreme,deeplabv3plus,26,0.01067704761047994,0.15582738,0.003524780000000005,0.0
extreme,hrnet,26,0.007644370370886722,0.060304838,0.0008583100000000288,0.0
extreme,segformer,26,0.007859365608525515,0.11928825,0.0008583100000000288,0.0
extreme,unet,27,0.009916507019575582,0.12223591,0.0023727399999999843,0.0
extreme,deeplabv3plus,27,0.013258796236672477,0.30549085,0.005466459999999951,0.0
extreme,hrnet,27,0.009269235113726015,0.022722056,0.0005798299999999479,0.0
extreme,segformer,27,0.009556423922567725,0.011338182,0.0005798299999999479,0.0
extreme,unet,28,0.010037314289947141,0.038837546,0.001995089999999977,0.0
extreme,deeplabv3plus,28,0.012861536086091863,0.38988119,0.006595620000000024,0.0
extreme,hrnet,28,0.009612098281884474,0.13007827,0.0015297000000000782,0.0
extreme,segformer,28,0.010435129972607649,0.061569054,0.0015297000000000782,0.0
extreme,unet,29,0.00958955101938308,0.0109699,0.0013542199999999616,0.0
extreme,deeplabv3plus,29,0.01323193975459136,0.40618471,0.0057830800000000515,0.0
extreme,hrnet,29,0.009012339290074944,0.07755007,0.0005340600000000029,0.0
extreme,segformer,29,0.009321549662682393,0.061482004,0.0005340600000000029,0.0
extreme,unet,3,0.009141932871756353,0.21302285,0.0005416799999999888,0.0
extreme,deeplabv3plus,3,0.010992094981141065,0.059963079,0.0027427600000000107,0.0
extreme,hrnet,3,0.008513001730030667,0.18906584,0.0005416799999999888,0.0
extreme,segformer,3,0.00853401174941093,0.22854679,0.0006790099999999799,0.0
extreme,unet,30,0.010390455643412455,0.03788024,0.0032920899999999698,0.0
extreme,deeplabv3plus,30,0.013364484305856572,0.32987984,0.00658417,0.0
extreme,hrnet,30,0.009749853788066587,0.11676375,0.002376559999999972,0.0
extreme,segformer,30,0.010792535491114918,0.0063559364,0.002376559999999972,0.0
extreme,unet,32,0.010123814129282316,0.272904,0.0022544799999999476,0.0
extreme,deeplabv3plus,32,0.013903855061837667,0.20175924,0.0059928899999999174,0.0
extreme,hrnet,32,0.009283070746191613,0.17765454,0.0005378699999999403,0.0
extreme,segformer,32,0.009762956430068304,0.14407044,0.0005378699999999403,0.0
extreme,unet,33,0.015780173585837942,0.67689596,0.0023689299999999913,0.0
extreme,deeplabv3plus,33,0.013312476638539295,1.6758226,0.002098080000000002,0.0
extreme,hrnet,33,0.011420057916253445,1.9179222,0.0005607599999999935,0.0
extreme,segformer,33,0.011599325390280746,2.0357578,0.0005607599999999935,0.0
extreme,unet,34,0.00985521547593271,0.0072329377,0.002052309999999946,0.0
extreme,deeplabv3plus,34,0.013041287831462633,0.3814911,0.006767280000000042,0.0
extreme,hrnet,34,0.009247478686376542,0.086376032,0.0008239799999999464,0.0
extreme,segformer,34,0.009346366507407944,0.058658782,0.0008239799999999464,0.0
extreme,unet,35,0.009870842682754843,0.52937518,0.001625060000000067,0.0
extreme,deeplabv3plus,35,0.01473269325565052,0.0060335426,0.005645749999999894,0.0
extreme,hrnet,35,0.009513172011006543,0.4552212,7.628999999997887e-05,0.0
extreme,segformer,35,0.010114155310548933,0.47091306,7.628999999997887e-05,0.0
extreme,unet,36,0.009966174310372722,0.072453898,0.0022468600000000727,0.0
extreme,deeplabv3plus,36,0.01363075723760021,0.3055867,0.00647354,0.0
extreme,hrnet,36,0.009246756195462447,0.013857754,0.0004119900000000287,0.0
extreme,segformer,36,0.009880420190616523,0.026988382,0.0004119900000000287,0.0
extreme,unet,37,0.018265512669599637,0.09411078,0.002765649999999953,0.0
extreme,deeplabv3plus,37,0.020726618708875932,0.48485302,0.002765649999999953,1.0
extreme,hrnet,37,0.016686765712575213,0.00073098927,0.0034522999999999637,0.0
extreme,segformer,37,0.028599412234726174,0.69052953,0.009666440000000054,0.0
extreme,unet,4,0.013573213672017137,0.49503962,4.196000000000755e-05,0.0
extreme,deeplabv3plus,4,0.012290997376918966,0.19070341,0.0016937300000000044,0.0
extreme,hrnet,4,0.010670042953487613,0.12237295,4.196000000000755e-05,0.0
extreme,segformer,4,0.010648335822103339,0.070684106,0.0003891000000000311,0.0
extreme,unet,40,0.006734490376786195,0.26539195,0.0008926400000000001,0.0
extreme,deeplabv3plus,40,0.008776612841905895,0.00067431483,0.001808160000000003,0.0
extreme,hrnet,40,0.0064768866970214,0.16341393,0.00020980999999997696,0.0
extreme,segformer,40,0.006493020093180646,0.18671064,0.00020980999999997696,0.0
extreme,unet,41,0.009506758699776796,0.040702941,0.0027694700000000516,0.0
extreme,deeplabv3plus,41,0.012554218732004685,0.35568016,0.006156929999999949,0.0
extreme,hrnet,41,0.008852751640588408,0.074778434,0.0007324300000000061,0.0
extreme,segformer,41,0.008871147140779079,0.064005107,0.0007324300000000061,0.0
extreme,unet,44,0.01683200655687722,1.5214844,0.002147679999999985,0.0
extreme,deeplabv3plus,44,0.021805553758031837,1.6593192,0.004043580000000047,0.0
extreme,hrnet,44,0.017985682112604096,1.1735491,0.00476073999999993,0.0
extreme,segformer,44,0.016609168377701766,1.3616071,0.002147679999999985,0.0
extreme,unet,45,0.01875801293413637,0.46907552,0.0007438600000000406,0.0
extreme,deeplabv3plus,45,0.020873824048368017,0.50374349,0.0007438600000000406,0.0
extreme,hrnet,45,0.018309096028059524,0.62386068,0.0035591099999999765,0.0
extreme,segformer,45,0.019360661061491924,0.29622396,0.00485611000000008,0.0
extreme,unet,47,0.010251258103405991,0.029298919,0.0023651199999999983,0.0
extreme,deeplabv3plus,47,0.013809213222736538,0.40571698,0.007579809999999965,0.0
extreme,hrnet,47,0.009415006532663917,0.073122818,0.0005378799999999906,0.0
extreme,segformer,47,0.009665800669430347,0.059945403,0.0005378799999999906,0.0
extreme,unet,48,0.009091420098917946,0.019684207,0.0007476800000000283,0.0
extreme,deeplabv3plus,48,0.01214570983279517,0.33835619,0.004096980000000028,0.0
extreme,hrnet,48,0.008425333407656943,0.083207197,0.0007476800000000283,0.0
extreme,segformer,48,0.00881373972348587,0.0016048068,0.0010757499999999864,0.0
extreme,unet,49,0.016509125356581555,1.175715,0.0025253299999999923,0.0
extreme,deeplabv3plus,49,0.020959275040205783,0.60224597,0.006595609999999974,0.0
extreme,hrnet,49,0.014868835315552942,1.0835468,0.00014877000000002027,0.0
extreme,segformer,49,0.0183965518121737,1.0717657,0.00014877000000002027,1.0
extreme,unet,5,0.00995595943281169,0.39807804,0.001708980000000082,0.0
extreme,deeplabv3plus,5,0.012260761134568199,0.1665696,0.0022277800000000125,0.0
extreme,hrnet,5,0.009866629657378723,0.24447964,0.0009040800000000848,0.0
extreme,segformer,5,0.009865614251101107,0.33663366,0.0009040800000000848,0.0
extreme,unet,50,0.014874197960464852,0.0045957254,0.0038070699999999125,0.0
extreme,deeplabv3plus,50,0.019048787044834925,0.39841113,0.007289890000000021,0.0
extreme,hrnet,50,0.014330658434960175,0.052998814,0.001987459999999941,0.0
extreme,segformer,50,0.019272049862017027,0.64061451,0.001987459999999941,0.0
extreme,unet,51,0.01570261994424582,1.0471407,0.005229950000000039,0.0
extreme,deeplabv3plus,51,0.019785009820518673,0.50508791,0.006927489999999925,0.0
extreme,hrnet,51,0.01515969169952991,1.0077039,0.004238129999999951,0.0
extreme,segformer,51,0.022029115136854238,1.6108342,0.004238129999999951,1.0
extreme,unet,52,0.018581007821866558,0.18532248,0.007076260000000056,0.0
extreme,deeplabv3plus,52,0.02314326669254685,0.31065299,0.006805420000000062,0.0
extreme,hrnet,52,0.018523313843818223,0.19528615,0.006805420000000062,0.0
extreme,segformer,52,0.029570667430321884,1.3250317,0.00942993000000003,3.0
extreme,unet,55,0.008849851326361402,0.27406762,0.0003204299999999827,0.0
extreme,deeplabv3plus,55,0.009373958068847998,0.37904681,0.0010375899999999771,0.0
extreme,hrnet,55,0.007796747153706485,0.27311403,0.0003204299999999827,0.0
extreme,segformer,55,0.007671787720938128,0.17595545,0.0011291499999999677,0.0
extreme,unet,56,0.00884269547057237,0.24623269,0.0009574900000000053,0.0
extreme,deeplabv3plus,56,0.011593713835471142,0.1113528,0.0040054300000000875,0.0
extreme,hrnet,56,0.008205190595970246,0.12690669,0.0004234300000000024,0.0
extreme,segformer,56,0.0086699166260501,0.082287994,0.0004234300000000024,1.0
extreme,unet,57,0.005027566356541668,0.39583333,0.001510620000000018,0.0
extreme,deeplabv3plus,57,0.006691181612794694,0.16080729,0.0013618399999999475,0.0
extreme,hrnet,57,0.004885367827223264,0.26692708,0.00011824999999998642,0.0
extreme,segformer,57,0.0050157989953681925,0.27701823,0.00011824999999998642,0.0
extreme,unet,58,0.007356860359987394,0.31843914,0.0030288699999999613,1.0
extreme,deeplabv3plus,58,0.00833178497279674,0.27278646,0.00038146999999999487,0.0
extreme,hrnet,58,0.005757243598918382,0.26595052,0.00046157999999996147,0.0
extreme,segformer,58,0.006175863059036946,0.31282552,0.00038146999999999487,0.0
extreme,unet,59,0.007356860359987394,0.41902507,0.0030288699999999613,1.0
extreme,deeplabv3plus,59,0.00833178497279674,0.17220052,0.00038146999999999487,0.0
extreme,hrnet,59,0.005757243598918382,0.16536458,0.00046157999999996147,0.0
extreme,segformer,59,0.006175863059036946,0.21223958,0.00038146999999999487,0.0
extreme,unet,6,0.010569391412902251,0.23301193,0.0013542199999999616,0.0
extreme,deeplabv3plus,6,0.01302232318032226,0.056348417,0.002681730000000049,0.0
extreme,hrnet,6,0.010627901879933233,0.16699431,0.0009765600000000152,0.0
extreme,segformer,6,0.010956619249016142,0.23880723,0.0009765600000000152,0.0
extreme,unet,60,0.007356860359987394,0.27612143,0.0030288699999999613,1.0
extreme,deeplabv3plus,60,0.00833178497279674,0.31510417,0.00038146999999999487,0.0
extreme,hrnet,60,0.005757243598918382,0.30826823,0.00046157999999996147,0.0
extreme,segformer,60,0.006175863059036946,0.35514323,0.00038146999999999487,0.0
extreme,unet,62,0.007356860359987394,0.4974756,0.0030288699999999613,1.0
extreme,deeplabv3plus,62,0.00833178497279674,0.09375,0.00038146999999999487,0.0
extreme,hrnet,62,0.005757243598918382,0.086914062,0.00046157999999996147,0.0
extreme,segformer,62,0.006175863059036946,0.13378906,0.00038146999999999487,0.0
extreme,unet,63,0.005027566356541668,0.43033854,0.001510620000000018,0.0
extreme,deeplabv3plus,63,0.006691181612794694,0.1953125,0.0013618399999999475,0.0
extreme,hrnet,63,0.004885367827223264,0.30143229,0.00011824999999998642,0.0
extreme,segformer,63,0.0050157989953681925,0.31152344,0.00011824999999998642,0.0
extreme,unet,64,0.007356860359987394,0.4740381,0.0030288699999999613,1.0
extreme,deeplabv3plus,64,0.00833178497279674,0.1171875,0.00038146999999999487,0.0
extreme,hrnet,64,0.005757243598918382,0.11035156,0.00046157999999996147,0.0
extreme,segformer,64,0.006175863059036946,0.15722656,0.00038146999999999487,0.0
extreme,unet,65,0.007356860359987394,0.47468914,0.0030288699999999613,1.0
extreme,deeplabv3plus,65,0.00833178497279674,0.11653646,0.00038146999999999487,0.0
extreme,hrnet,65,0.005757243598918382,0.10970052,0.00046157999999996147,0.0
extreme,segformer,65,0.006175863059036946,0.15657552,0.00038146999999999487,0.0
extreme,unet,66,0.01043908564765561,0.014028086,0.0013732899999999715,0.0
extreme,deeplabv3plus,66,0.014105265184164772,0.35046893,0.005168909999999971,0.0
extreme,hrnet,66,0.009886470580164786,0.073810196,0.0007781999999999512,0.0
extreme,segformer,66,0.009751244037593754,0.038853566,0.0007781999999999512,0.0
extreme,unet,67,0.009927150203221102,0.20948361,0.0018119800000000463,0.0
extreme,deeplabv3plus,67,0.01349741671866056,0.17719347,0.005744940000000032,0.0
extreme,hrnet,67,0.009388935949732446,0.10054314,0.000305180000000016,0.0
extreme,segformer,67,0.009756240339670597,0.12721879,0.000305180000000016,0.0
extreme,unet,69,0.009938792685685094,0.63260358,0.0013809200000000077,0.0
extreme,deeplabv3plus,69,0.013923777157233475,0.20733556,0.003471380000000024,0.0
extreme,hrnet,69,0.009441491571570704,0.44618598,0.0005340600000000029,0.0
extreme,segformer,69,0.00978611616131253,0.53819934,0.0005340600000000029,0.0
extreme,unet,7,0.03580824491264689,1.370653,0.005649570000000048,1.0
extreme,deeplabv3plus,7,0.027633519028893994,2.923196,0.0017471300000000412,1.0
extreme,hrnet,7,0.025673882952565008,2.8401795,0.0017471300000000412,1.0
extreme,segformer,7,0.03526277267447464,5.7579239,0.006565089999999996,1.0
extreme,unet,70,0.013201822021183585,0.072609922,0.001361840000000003,0.0
extreme,deeplabv3plus,70,0.015107613930551822,0.38462858,0.0037307699999999944,0.0
extreme,hrnet,70,0.010708881161627049,0.1065445,0.000606529999999994,0.0
extreme,segformer,70,0.011052904903689265,0.038189667,0.000606529999999994,0.0
extreme,unet,71,0.010542117810162566,0.053883196,0.002731330000000032,1.0
extreme,deeplabv3plus,71,0.013566878451452435,0.3434773,0.005455010000000038,1.0
extreme,hrnet,71,0.009793784277484341,0.069553483,0.0016403200000000284,1.0
extreme,segformer,71,0.01056431006353653,0.050535195,0.0016403200000000284,1.0
extreme,unet,72,0.011579704246913014,0.010826211,0.002754209999999979,0.0
extreme,deeplabv3plus,72,0.015022287272100754,0.40389035,0.005962369999999995,0.0
extreme,hrnet,72,0.010677590170810602,0.094751732,0.00026322000000000845,0.0
extreme,segformer,72,0.012084912968546302,0.11943053,0.00026322000000000845,0.0
extreme,unet,8,0.011495303905688203,0.059407552,0.0028343199999999458,0.0
extreme,deeplabv3plus,8,0.014860852383039691,0.30598958,0.007564550000000003,0.0
extreme,hrnet,8,0.01130292317199133,0.062988281,0.0018692099999999545,0.0
extreme,segformer,8,0.01145608089068817,0.016764323,0.0018692099999999545,0.0
extreme,unet,9,0.2545656977924228,0.13085938,0.0001869199999999932,0.0
extreme,deeplabv3plus,9,0.2548972676382597,0.03515625,6.103999999999832e-05,0.0
extreme,hrnet,9,0.2543269565437086,0.06640625,6.103999999999832e-05,0.0
extreme,segformer,9,0.7537768681911102,48.21715,0.32625962000000003,2.0
